id;titre;catégorie;path
2 soleils002;Planète à 2 soleils. Ca m'intéresse;illustration;Assets/Tableaux/zones/ILLUSTRATIONS Grotte 35
27368949_561687467503205_5307031529679424626_o;Histoire de la Terre. L'Homme - Gallimard jeunesse;illustration;Assets/Tableaux/zones/ILLUSTRATIONS Grotte 35
archives famille 40;Otis;illustration;Assets/Tableaux/zones/ILLUSTRATIONS Grotte 35
DSC_0387;Histoire de la Terre. Les Pôles;illustration;Assets/Tableaux/zones/ILLUSTRATIONS Grotte 35
DSC_0390;Histoire de la Terre. Les Déserts;illustration;Assets/Tableaux/zones/ILLUSTRATIONS Grotte 35
DSC_0398;????;illustration;Assets/Tableaux/zones/ILLUSTRATIONS Grotte 35
Ekta vide018;Privatisation CGE. Câble sous-marin;illustration;Assets/Tableaux/zones/ILLUSTRATIONS Grotte 35
Ekta vide021;Privatisation CGE. Cuzco;illustration;Assets/Tableaux/zones/ILLUSTRATIONS Grotte 35
Ekta005;Antinéa;illustration;Assets/Tableaux/zones/ILLUSTRATIONS Grotte 35
Ekta008;Les dinausaures. Combat. Encyclopédie Larousse Gallimard;illustration;Assets/Tableaux/zones/ILLUSTRATIONS Grotte 35
Les chroniques Martiennes;Les Chroniques Martiennes 1;illustration;Assets/Tableaux/zones/ILLUSTRATIONS Grotte 35
Les dinosaures015;Les dinausaures. Les nids. Gallimard;illustration;Assets/Tableaux/zones/ILLUSTRATIONS Grotte 35
L'homme révolté Camus004;L'Homme Révolté. A.Camus;illustration;Assets/Tableaux/zones/ILLUSTRATIONS Grotte 35
Numériser 1;Pompéi. Le Vésuve - Découvertes Gallimard;illustration;Assets/Tableaux/zones/ILLUSTRATIONS Grotte 35
Numériser;????;illustration;Assets/Tableaux/zones/ILLUSTRATIONS Grotte 35
P1010305;L'histoire de la Terre. L'assékrem;illustration;Assets/Tableaux/zones/ILLUSTRATIONS Grotte 35
P1010313;???? Les dinosaures;illustration;Assets/Tableaux/zones/ILLUSTRATIONS Grotte 35
P1010325;Les Pôles. Aurores Boréales;illustration;Assets/Tableaux/zones/ILLUSTRATIONS Grotte 35
P1010393;????;illustration;Assets/Tableaux/zones/ILLUSTRATIONS Grotte 35
P1010424;J'observe la Jungle. Gallimard Jeunesse;illustration;Assets/Tableaux/zones/ILLUSTRATIONS Grotte 35
P1010486;Pompeï - L'éruption du Vésuve;illustration;Assets/Tableaux/zones/ILLUSTRATIONS Grotte 35
P1010611;Aimons nous comme des bêtes;illustration;Assets/Tableaux/zones/ILLUSTRATIONS Grotte 35
P1010843;Lutte contre la faim dans le monde ;illustration;Assets/Tableaux/zones/ILLUSTRATIONS Grotte 35
P1020534;Rapport Annuel CGM;illustration;Assets/Tableaux/zones/ILLUSTRATIONS Grotte 35
P1020538;????;illustration;Assets/Tableaux/zones/ILLUSTRATIONS Grotte 35
P1020550;Chantier Lunaire. Ca M'intéresse;illustration;Assets/Tableaux/zones/ILLUSTRATIONS Grotte 35
P1020557;Sans Titre (Affiche Evian);illustration;Assets/Tableaux/zones/ILLUSTRATIONS Grotte 35
P1030870;Virus et Bactéries. Science Vie.;illustration;Assets/Tableaux/zones/ILLUSTRATIONS Grotte 35
P1040054;Les clefs de l'energie. Total;illustration;Assets/Tableaux/zones/ILLUSTRATIONS Grotte 35
P1040349;La Corrida (Film) Toréro Paysage;illustration;Assets/Tableaux/zones/ILLUSTRATIONS Grotte 35
P1060573;Les Wagons Lits;illustration;Assets/Tableaux/zones/ILLUSTRATIONS Grotte 35
P1080478;Les premier occidental découvrant le grand canyon;illustration;Assets/Tableaux/zones/ILLUSTRATIONS Grotte 35
P1100277;Le livre du temps. Gallimard jeunesse;illustration;Assets/Tableaux/zones/ILLUSTRATIONS Grotte 35
P1130010;Les dames de la roche. Minitinéraire édition les monuments historiques;illustration;Assets/Tableaux/zones/ILLUSTRATIONS Grotte 35
tumblr_0bc9fd6f345849c9278522fb3105f393_44694fe6_2048;Corandre Parfum;illustration;Assets/Tableaux/zones/ILLUSTRATIONS Grotte 35
CSC_0197;Troie;peintures diverses;Assets/Tableaux/zones/PEINTURES DIVERS- Grotte 32
DSC_0114;Monument Valley;peintures diverses;Assets/Tableaux/zones/PEINTURES DIVERS- Grotte 32
DSC_0247;crépuscule;peintures diverses;Assets/Tableaux/zones/PEINTURES DIVERS- Grotte 32
DSC_0466;Le pigeonnier de haut isle;peintures diverses;Assets/Tableaux/zones/PEINTURES DIVERS- Grotte 32
DSC_0624;????;peintures diverses;Assets/Tableaux/zones/PEINTURES DIVERS- Grotte 32
DSC_0852;????;peintures diverses;Assets/Tableaux/zones/PEINTURES DIVERS- Grotte 32
DSC_0867;????;peintures diverses;Assets/Tableaux/zones/PEINTURES DIVERS- Grotte 32
Ekta 009(2);????;peintures diverses;Assets/Tableaux/zones/PEINTURES DIVERS- Grotte 32
Ekta012;Le regard du ciel;peintures diverses;Assets/Tableaux/zones/PEINTURES DIVERS- Grotte 32
Ekta035;Noces de perles;peintures diverses;Assets/Tableaux/zones/PEINTURES DIVERS- Grotte 32
Ekta037;Brumes matinales;peintures diverses;Assets/Tableaux/zones/PEINTURES DIVERS- Grotte 32
Ekta038;????;peintures diverses;Assets/Tableaux/zones/PEINTURES DIVERS- Grotte 32
Embarcadère Salute034;Embarcadère la Salute;peintures diverses;Assets/Tableaux/zones/PEINTURES DIVERS- Grotte 32
P1010280;Le 7ème sceau;peintures diverses;Assets/Tableaux/zones/PEINTURES DIVERS- Grotte 32
P1010822;Vexin 6;peintures diverses;Assets/Tableaux/zones/PEINTURES DIVERS- Grotte 32
P1020493;Vexin 15;peintures diverses;Assets/Tableaux/zones/PEINTURES DIVERS- Grotte 32
P1020608;Vexin 11;peintures diverses;Assets/Tableaux/zones/PEINTURES DIVERS- Grotte 32
P1030228;Vexin 18;peintures diverses;Assets/Tableaux/zones/PEINTURES DIVERS- Grotte 32
P1030643;Vexin 23, la tilleuse;peintures diverses;Assets/Tableaux/zones/PEINTURES DIVERS- Grotte 32
P1060469;Le moulin du diable;peintures diverses;Assets/Tableaux/zones/PEINTURES DIVERS- Grotte 32
P1060517;Omerville 2;peintures diverses;Assets/Tableaux/zones/PEINTURES DIVERS- Grotte 32
P1060615;Sur la route d’Auvers sur oise;peintures diverses;Assets/Tableaux/zones/PEINTURES DIVERS- Grotte 32
P1060624;Black Continent;peintures diverses;Assets/Tableaux/zones/PEINTURES DIVERS- Grotte 32
P1060719;Algues;peintures diverses;Assets/Tableaux/zones/PEINTURES DIVERS- Grotte 32
P1060751;Pont d'Aveny 1;peintures diverses;Assets/Tableaux/zones/PEINTURES DIVERS- Grotte 32
P1060814;La vierge Orberose;peintures diverses;Assets/Tableaux/zones/PEINTURES DIVERS- Grotte 32
P1070052;????;peintures diverses;Assets/Tableaux/zones/PEINTURES DIVERS- Grotte 32
P1070234;Du côté de Saint Clair;peintures diverses;Assets/Tableaux/zones/PEINTURES DIVERS- Grotte 32
P1070858;?????;peintures diverses;Assets/Tableaux/zones/PEINTURES DIVERS- Grotte 32
P1080035;L Donjon de la Roche-Guyon;peintures diverses;Assets/Tableaux/zones/PEINTURES DIVERS- Grotte 32
P1080743;L'ile;peintures diverses;Assets/Tableaux/zones/PEINTURES DIVERS- Grotte 32
P1110741;Métamophoses 2;peintures diverses;Assets/Tableaux/zones/PEINTURES DIVERS- Grotte 32
5a3795d58766b;Jules et Jim;affiches films;Assets/Tableaux/zones/Affiches FILMS Grotte 8
Capture d’écran 2022-02-16 à 19.47.49;Thérèse Desquéroux;affiches films;Assets/Tableaux/zones/Affiches FILMS Grotte 8
P1010506;La garçonne;affiches films;Assets/Tableaux/zones/Affiches FILMS Grotte 8
P1040390;Affiche Pickpocket;affiches films;Assets/Tableaux/zones/Affiches FILMS Grotte 8
P1050922;Gervaise;affiches films;Assets/Tableaux/zones/Affiches FILMS Grotte 8
P1050926;La police fédérale enquête;affiches films;Assets/Tableaux/zones/Affiches FILMS Grotte 8
P1050929;J'irai cracher sur vos tombes;affiches films;Assets/Tableaux/zones/Affiches FILMS Grotte 8
P1070085;La princesse de Clèves;affiches films;Assets/Tableaux/zones/Affiches FILMS Grotte 8
P1070715;Une vie;affiches films;Assets/Tableaux/zones/Affiches FILMS Grotte 8
Contre vents et marées;Contre vents et marées. Castor Poche;couvertures;Assets/Tableaux/zones/COUVERTURES Grotte 27
Dieux et héros de l'Antiquité;Dieux et héros de l'Antiquité. Hachette;couvertures;Assets/Tableaux/zones/COUVERTURES Grotte 27
DSC_0847;Une femme sous influence. Livre de Poche;couvertures;Assets/Tableaux/zones/COUVERTURES Grotte 27
Ekta002;Les vikings, découvertes Gallimard;couvertures;Assets/Tableaux/zones/COUVERTURES Grotte 27
Ekta013;L'armée rouge. L'express;couvertures;Assets/Tableaux/zones/COUVERTURES Grotte 27
Eliane 2;L'élémentaliste. Le livre dont vous êtes le héros;couvertures;Assets/Tableaux/zones/COUVERTURES Grotte 27
histoires de délires019;Histoire de délires. Press-pocket;couvertures;Assets/Tableaux/zones/COUVERTURES Grotte 27
jean XXIII;Jean XXIII. L'express;couvertures;Assets/Tableaux/zones/COUVERTURES Grotte 27
Julien Green_Si j'étais vous_;Julien Green. Si j'étais vous. Livre de poche;couvertures;Assets/Tableaux/zones/COUVERTURES Grotte 27
Keldrilh le Ménestrel;Keldrilh le Ménestrel. LDVELH;couvertures;Assets/Tableaux/zones/COUVERTURES Grotte 27
La jeune fille sans nom;La jeune fille sans nom. Castor Poche;couvertures;Assets/Tableaux/zones/COUVERTURES Grotte 27
Le clan Otori-Gallimard014;Le clan des Otori - Le vol du héron. Gallimard;couvertures;Assets/Tableaux/zones/COUVERTURES Grotte 27
Le clan Otori-Gallimard015;Le clan des Otori. Gallimard;couvertures;Assets/Tableaux/zones/COUVERTURES Grotte 27
Le moscovite;Le mmoscovite. Henri Troyat;couvertures;Assets/Tableaux/zones/COUVERTURES Grotte 27
L'EXPRESS- Fidel Castro;Fidel Castro. L'express;couvertures;Assets/Tableaux/zones/COUVERTURES Grotte 27
Lutins sorcières et compagnie 3;Lutins sorcières et compagnie. Gallimard jeunesse;couvertures;Assets/Tableaux/zones/COUVERTURES Grotte 27
M.H. Clark _La nuit du renard_;M.H Clark La nuit du renard. Livre de Poche;couvertures;Assets/Tableaux/zones/COUVERTURES Grotte 27
M.H. Clark _Souviens-toi_;M.H Clark souviens-toi. Livre de Poche;couvertures;Assets/Tableaux/zones/COUVERTURES Grotte 27
M.H. Clark _Tu m'appartiens__;M.H Clark. Tu m'appartiens. Livre de Poche;couvertures;Assets/Tableaux/zones/COUVERTURES Grotte 27
Moby Dick;Moby Dick. Hachette Jeunesse;couvertures;Assets/Tableaux/zones/COUVERTURES Grotte 27
P1050939;La main enchantée. Livre de Poche;couvertures;Assets/Tableaux/zones/COUVERTURES Grotte 27
P1050944;La vénus d'Ille. Livre de Poche;couvertures;Assets/Tableaux/zones/COUVERTURES Grotte 27
P1050949;Camillia. Livre de Poche;couvertures;Assets/Tableaux/zones/COUVERTURES Grotte 27
pensioneAcadémia 1;Yvain ou le chevalier au lion. GallimardJeunesse;couvertures;Assets/Tableaux/zones/COUVERTURES Grotte 27
Périls en Tasmanie;Périls en Tasmanie;couvertures;Assets/Tableaux/zones/COUVERTURES Grotte 27
Sophie ou la fin des combats;Sophie ou la fin des combats. Henri Troyat Press Pocket;couvertures;Assets/Tableaux/zones/COUVERTURES Grotte 27
Théophile Gautier _le roman de la momie_;Le roman de la momie. Théophile Gautier. Hachette Jeunesse;couvertures;Assets/Tableaux/zones/COUVERTURES Grotte 27
barbe bleu A. France 10;L'ile des pingouins - A. France - La vierge orberose;eros;Assets/Tableaux/zones/EROS Grotte 16
la bretonne004;Le phare D'eddystone;eros;Assets/Tableaux/zones/EROS Grotte 16
Le Moine;Le Moine;eros;Assets/Tableaux/zones/EROS Grotte 16
L'Envie 18;La colère. Plexus;eros;Assets/Tableaux/zones/EROS Grotte 16
L'Envie 29;Lolita - V.Nabokov - (Cercle du Bibliophile) - Caisse enregistreuse;eros;Assets/Tableaux/zones/EROS Grotte 16
L'Envie 39;Justine – Illustrations parues dans l’ouvrage de Lawrence Durell – Le cercle des bibliophiles;eros;Assets/Tableaux/zones/EROS Grotte 16
les tombales;Les tombales. G.De Maupassant;eros;Assets/Tableaux/zones/EROS Grotte 16
Numériser;La Gourmandise 2;eros;Assets/Tableaux/zones/EROS Grotte 16
P1010442;L'ogueil. Plexus;eros;Assets/Tableaux/zones/EROS Grotte 16
P1010444;La Luxure. Plexus;eros;Assets/Tableaux/zones/EROS Grotte 16
P1010445;La Paresse;eros;Assets/Tableaux/zones/EROS Grotte 16
P1010446;La Gourmandise. Plexus;eros;Assets/Tableaux/zones/EROS Grotte 16
P1010466;La Chatte;eros;Assets/Tableaux/zones/EROS Grotte 16
P1010474;Black Continent;eros;Assets/Tableaux/zones/EROS Grotte 16
P1010572;L'avarice. Plexus;eros;Assets/Tableaux/zones/EROS Grotte 16
P1040037;Les métamorphoses. Les chefs d'œuvres du fantastique. Planète;eros;Assets/Tableaux/zones/EROS Grotte 16
DSC_0248;Quatuor;St michel;Assets/Tableaux/zones/MT.ST.MICHELGrotte 12
DSC_0249;Ubiquité;St michel;Assets/Tableaux/zones/MT.ST.MICHELGrotte 12
P1010475;Objet Obscur;St michel;Assets/Tableaux/zones/MT.ST.MICHELGrotte 12
P1060146;Meeting Point;St michel;Assets/Tableaux/zones/MT.ST.MICHELGrotte 12
P1080772;Border Line;St michel;Assets/Tableaux/zones/MT.ST.MICHELGrotte 12
P1120004;Le Mont dans la Vallée;St michel;Assets/Tableaux/zones/MT.ST.MICHELGrotte 12
P1120021;Matin sur la grève;St michel;Assets/Tableaux/zones/MT.ST.MICHELGrotte 12
P1120025;Hadès;St michel;Assets/Tableaux/zones/MT.ST.MICHELGrotte 12
P1120029;Le Regard;St michel;Assets/Tableaux/zones/MT.ST.MICHELGrotte 12
P1120054;L'ange bleu;St michel;Assets/Tableaux/zones/MT.ST.MICHELGrotte 12
P1120157;Monolithe;St michel;Assets/Tableaux/zones/MT.ST.MICHELGrotte 12
P1120161;Le saut de l'ange;St michel;Assets/Tableaux/zones/MT.ST.MICHELGrotte 12
CSC_0142;Bomarzo;peinture diverse;Assets/Tableaux/zones/PEINTURES DIVERS- Grotte 32
Affiche faim ds monde018;Faim dans le monde;illustration;Assets/Tableaux/zones/ILLUSTRATIONS Grotte 35
Ayer's rock004;Ayer's Rock;peinture diverse;Assets/Tableaux/zones/PEINTURES DIVERS- Grotte 32
CSC_0911 - copie;????;peinture diverse;Assets/Tableaux/zones/PEINTURES DIVERS- Grotte 32
DSC_0445 - copie;Petit Bestiaire ????;peinture diverse;Assets/Tableaux/zones/PEINTURES DIVERS- Grotte 32
DSC_0446 - copie;Petit Bestiaire ????;peinture diverse;Assets/Tableaux/zones/PEINTURES DIVERS- Grotte 32
DSC_0447 - copie;Petit Bestiaire ????;peinture diverse;Assets/Tableaux/zones/PEINTURES DIVERS- Grotte 32
DSC_0448;Petit Bestiaire ????;peinture diverse;Assets/Tableaux/zones/PEINTURES DIVERS- Grotte 32
image001;????;peinture diverse;Assets/Tableaux/zones/PEINTURES DIVERS- Grotte 32
La charrière de Gasny 2;La charrière de Gasny;peinture diverse;Assets/Tableaux/zones/PEINTURES DIVERS- Grotte 32
LE DOGE;Le Doge;peinture diverse;Assets/Tableaux/zones/PEINTURES DIVERS- Grotte 32
LUC;LUC;peinture diverse;Assets/Tableaux/zones/PEINTURES DIVERS- Grotte 32
Meandre 9;Méandres 9;peinture diverse;Assets/Tableaux/zones/PEINTURES DIVERS- Grotte 32
Méandres 7 (1);Méandres 7;peinture diverse;Assets/Tableaux/zones/PEINTURES DIVERS- Grotte 32
Méandres 7;Méandres 7 ????;peinture diverse;Assets/Tableaux/zones/PEINTURES DIVERS- Grotte 32
Méandres 11;Méandres 11;peinture diverse;Assets/Tableaux/zones/PEINTURES DIVERS- Grotte 32
Méandres 12;Méandres 12;peinture diverse;Assets/Tableaux/zones/PEINTURES DIVERS- Grotte 32
Méandres 14;Méandres 14;peinture diverse;Assets/Tableaux/zones/PEINTURES DIVERS- Grotte 32
MÉANDRES 18;Méandres 18;peinture diverse;Assets/Tableaux/zones/PEINTURES DIVERS- Grotte 32
Méandres 19;Méandres 19;peinture diverse;Assets/Tableaux/zones/PEINTURES DIVERS- Grotte 32
P1010818;Vexin 2;peinture diverse;Assets/Tableaux/zones/PEINTURES DIVERS- Grotte 32
P1020412;Vexin 12;peinture diverse;Assets/Tableaux/zones/PEINTURES DIVERS- Grotte 32
P1020581;Vexin 16;peinture diverse;Assets/Tableaux/zones/PEINTURES DIVERS- Grotte 32
P1030281;Vexin 21;peinture diverse;Assets/Tableaux/zones/PEINTURES DIVERS- Grotte 32
P1030641;Vexin 10;peinture diverse;Assets/Tableaux/zones/PEINTURES DIVERS- Grotte 32
P1060533;Pont d'Aveny 1;peinture diverse;Assets/Tableaux/zones/PEINTURES DIVERS- Grotte 32
P1060850;La rivière Epte;peinture diverse;Assets/Tableaux/zones/PEINTURES DIVERS- Grotte 32
P1060906;Du Côté Villarceaux;peinture diverse;Assets/Tableaux/zones/PEINTURES DIVERS- Grotte 32
P1070238;Epte au pont d'Aveny - 80 x 80 Acrylique s/toile;peinture diverse;Assets/Tableaux/zones/PEINTURES DIVERS- Grotte 32
P1070243;Lepte à Fourges;peinture diverse;Assets/Tableaux/zones/PEINTURES DIVERS- Grotte 32
P1070283;Du côté de Villers en Arthies - 80 x 80 - Acrylique s/toile;peinture diverse;Assets/Tableaux/zones/PEINTURES DIVERS- Grotte 32
P1080056;Le pont d'Aveny 3;peinture diverse;Assets/Tableaux/zones/PEINTURES DIVERS- Grotte 32
P1080284;Boubiers;peinture diverse;Assets/Tableaux/zones/PEINTURES DIVERS- Grotte 32
P1080286;Montjavoult;peinture diverse;Assets/Tableaux/zones/PEINTURES DIVERS- Grotte 32
P1080290;Hardencourt le haut clocher;peinture diverse;Assets/Tableaux/zones/PEINTURES DIVERS- Grotte 32
P1080488;Entre Chérence et Villers - 50 x 50 - Acrylique s/toile;peinture diverse;Assets/Tableaux/zones/PEINTURES DIVERS- Grotte 32
P1080499;Hazeville;peinture diverse;Assets/Tableaux/zones/PEINTURES DIVERS- Grotte 32
P1080512;Vers Gadancourt;peinture diverse;Assets/Tableaux/zones/PEINTURES DIVERS- Grotte 32
P1080575;Les jardins d'Ambleville;peinture diverse;Assets/Tableaux/zones/PEINTURES DIVERS- Grotte 32
P1080613;De Magny à Arthies;peinture diverse;Assets/Tableaux/zones/PEINTURES DIVERS- Grotte 32
P1080620;Villers en Arthies;peinture diverse;Assets/Tableaux/zones/PEINTURES DIVERS- Grotte 32
P1080817;????;peinture diverse;Assets/Tableaux/zones/PEINTURES DIVERS- Grotte 32
P1080823;????;peinture diverse;Assets/Tableaux/zones/PEINTURES DIVERS- Grotte 32
P1080824;????;peinture diverse;Assets/Tableaux/zones/PEINTURES DIVERS- Grotte 32
P1080831;????;peinture diverse;Assets/Tableaux/zones/PEINTURES DIVERS- Grotte 32
P1080850;????;peinture diverse;Assets/Tableaux/zones/PEINTURES DIVERS- Grotte 32
P1080856;????;peinture diverse;Assets/Tableaux/zones/PEINTURES DIVERS- Grotte 32
P1080858;????;peinture diverse;Assets/Tableaux/zones/PEINTURES DIVERS- Grotte 32
P1080860;????;peinture diverse;Assets/Tableaux/zones/PEINTURES DIVERS- Grotte 32
P1080863;????;peinture diverse;Assets/Tableaux/zones/PEINTURES DIVERS- Grotte 32
P1080867;????;peinture diverse;Assets/Tableaux/zones/PEINTURES DIVERS- Grotte 32
P1080868;????;peinture diverse;Assets/Tableaux/zones/PEINTURES DIVERS- Grotte 32
P1080877;Côte d'Albâtre - Ailly;peinture diverse;Assets/Tableaux/zones/PEINTURES DIVERS- Grotte 32
P1080888;Côte d'Albâtre, de Dieppe à Varengeville, 80 x 80;peinture diverse;Assets/Tableaux/zones/PEINTURES DIVERS- Grotte 32
P1080891;????;peinture diverse;Assets/Tableaux/zones/PEINTURES DIVERS- Grotte 32
P1080894;????;peinture diverse;Assets/Tableaux/zones/PEINTURES DIVERS- Grotte 32
P1080906;????;peinture diverse;Assets/Tableaux/zones/PEINTURES DIVERS- Grotte 32
P1080910;Vasterival 100 x 100;peinture diverse;Assets/Tableaux/zones/PEINTURES DIVERS- Grotte 32
P1080912;????;peinture diverse;Assets/Tableaux/zones/PEINTURES DIVERS- Grotte 32
P1080933;????;peinture diverse;Assets/Tableaux/zones/PEINTURES DIVERS- Grotte 32
P1080935;????;peinture diverse;Assets/Tableaux/zones/PEINTURES DIVERS- Grotte 32
P1080938;????;peinture diverse;Assets/Tableaux/zones/PEINTURES DIVERS- Grotte 32
P1080940;????;peinture diverse;Assets/Tableaux/zones/PEINTURES DIVERS- Grotte 32
P1080942;????;peinture diverse;Assets/Tableaux/zones/PEINTURES DIVERS- Grotte 32
P1080950;????;peinture diverse;Assets/Tableaux/zones/PEINTURES DIVERS- Grotte 32
P1080952;????;peinture diverse;Assets/Tableaux/zones/PEINTURES DIVERS- Grotte 32
P1080956;????;peinture diverse;Assets/Tableaux/zones/PEINTURES DIVERS- Grotte 32
P1080957;????;peinture diverse;Assets/Tableaux/zones/PEINTURES DIVERS- Grotte 32
P1080959;????;peinture diverse;Assets/Tableaux/zones/PEINTURES DIVERS- Grotte 32
P1080965;????;peinture diverse;Assets/Tableaux/zones/PEINTURES DIVERS- Grotte 32
PETIT BESTIAIRE 3;Petit bestiaire 3;peinture diverse;Assets/Tableaux/zones/PEINTURES DIVERS- Grotte 32
VILLA VURPILLOT;Villat Vurpillot;peinture diverse;Assets/Tableaux/zones/PEINTURES DIVERS- Grotte 32
